,name,age,gender,score,email
0,,20.0,남,85.0,hong@example.com
1,,21.0,남,90.0,kim@example.com
2,,24.0,여,86.0,
3,,23.0,남,70.0,park@example.com
5,,24.0,남,88.0,choi@example.com
6,,22.0,여,92.0,minji@example.com
7,,21.0,여,76.0,sujin@example.com
8,,25.0,남,81.0,jisung@example.com
9,,26.0,남,95.0,woosung@example.com
10,,27.0,남,100.0,dongwon@example.com
11,,22.0,여,86.0,hyekyo@example.com
12,,21.0,여,89.0,taehee@example.com
13,,23.0,여,91.0,jihyun@example.com
14,,24.0,남,84.0,heungmin@example.com
15,,25.0,남,78.0,heechan@example.com
16,,24.0,여,96.0,
17,,22.0,남,73.0,bogum@example.com
18,,21.0,여,87.0,iu@example.com
19,,30.0,남,65.0,jaesuk@example.com
20,,31.0,남,68.0,hodong@example.com
21,,29.0,남,77.0,dongyeop@example.com
22,,28.0,여,93.0,hyori@example.com
23,,27.0,남,82.0,jongkook@example.com
24,,26.0,남,79.0,jungwoo@example.com
25,,24.0,남,86.0,jungjae@example
26,,26.0,남,86.0,woosung@example.com
27,,25.0,여,90.0,hysoo@example.com
29,,24.0,남,88.0,minsig @example.com
30,,23.0,여,91.0,jiwon@example.com
31,,22.0,남,83.0,seojun@example.com
32,,21.0,여,77.0,sohee@example.com
33,,25.0,남,94.0,joohyuk@example.com
34,,24.0,여,86.0,suzy@example.com
35,,28.0,남,72.0,gongyoo@example.com
36,,23.0,여,89.0,goeun@example.com
37,,29.0,남,98.0,hyunbin@example.com
38,,27.0,여,92.0,yejin@example.com
39,,26.0,남,81.0,jungsuk@example.com
40,,24.0,여,86.0,dami@example.com
41,,24.0,남,75.0,woosik@example.com
42,,24.0,남,86.0,byunghun@example.com
43,,22.0,여,88.0,jimin@example.com
44,,30.0,남,69.0,dongseok@example.com
45,,27.0,남,95.0,woobin@example.com
46,,26.0,여,84.0,minah@example.com
47,,25.0,남,79.0,sungmin@example.com
48,,23.0,남,90.0,siwan@example.com
49,,24.0,여,87.0,yoona@example
