,순위,순위변동,노래제목,가수,앨범,좋아요
0,1,순위 동일,퇴사할게여 (Narr. 기안84),소연 (SOYEON),끝내주는 인생,"39,518"
1,2,순위 동일,LOVE ATTACK,RESCENE (리센느),SCENEDROME,"153,146"
2,3,순위 동일,갑자기,아이오아이 (I.O.I),I.O.I 3rd MINI ALBUM [I.O.I : LOOP],"80,176"
3,4,순위 동일,Deja Vu,RESCENE (리센느),Dearest,"58,937"
4,5,순위 동일,Pretty Girl,RESCENE (리센느),Pretty Girl - Special Single,"66,158"
5,6,순위 동일,REDRED,CORTIS (코르티스),GREENGREEN,"91,127"
6,7,1단계 상승,BAD,ATEEZ(에이티즈),GOLDEN HOUR : Part.5,"33,782"
7,8,1단계 하락,만찬가,태연 (TAEYEON),J-POP REMAKE Vol.1,"49,657"
8,9,순위 동일,BiiiG,BIGBANG (빅뱅),BiiiG,"56,957"
9,10,순위 동일,LEMONADE,aespa,LEMONADE - The 2nd Album,"59,589"
10,11,순위 동일,Drowning,WOODZ,OO-LI,"309,372"
11,12,순위 동일,It′s Me,아일릿(ILLIT),MAMIHLAPINATAPAI,"59,753"
12,13,순위 동일,이 별로부터,아이유,이 별로부터,"31,645"
13,14,1단계 상승,Good Goodbye,화사 (HWASA),Good Goodbye,"125,781"
14,15,1단계 하락,Dear my crazy soulmate,아이유,이 별로부터,"28,191"
15,16,순위 동일,사랑하게 될 거야,한로로,이상비행,"149,812"
16,17,순위 동일,노스탈지아,BIG Naughty (서동현),노스탈지아,"32,576"
17,18,순위 동일,RUDE!,Hearts2Hearts (하츠투하츠),RUDE!,"75,754"
18,19,순위 동일,캐치 캐치,YENA (최예나),LOVE CATCHER,"52,063"
19,20,순위 동일,"어떻게 이별까지 사랑하겠어, 널 사랑하는 거지",AKMU (악뮤),항해,"496,825"
20,21,3단계 상승,생각을 멈추다 보면,최유리,생각을 멈추다 보면,"50,901"
21,22,1단계 상승,0+0,한로로,자몽살구클럽,"125,732"
22,23,1단계 하락,Popcorn,도경수(D.O.),성장 - THE 3RD MINI ALBUM,"94,931"
23,24,3단계 하락,사랑은 늘 도망가,임영웅,신사와 아가씨 OST Part.2,"241,229"
24,25,순위 동일,Skibidi,소녀시대-효리수 (Girls' Generation-HRS),Skibidi,"17,107"
25,26,순위 동일,타임캡슐,다비치,타임캡슐,"79,517"
26,27,순위 동일,여름아 부탁해,볼빨간사춘기,여름아 부탁해,"29,209"
27,28,1단계 상승,너의 모든 순간,성시경,별에서 온 그대 OST Part.7,"326,961"
28,29,1단계 하락,"기쁨, 슬픔, 아름다운 마음",AKMU (악뮤),개화,"93,567"
29,30,순위 동일,꿈꾸던 어른이 되었나요?,머무르,꿈꾸던 어른이 되었나요?,"20,019"
30,31,순위 동일,Pop Off Pop Off,KiiiKiii (키키),WhyKiiiKiii,"23,135"
31,32,1단계 상승,Lemon Tang,Hearts2Hearts (하츠투하츠),Lemon Tang - The 2nd Mini Album,"34,196"
32,33,1단계 하락,"HOME SWEET HOME (feat. 태양, 대성)",G-DRAGON,"HOME SWEET HOME (feat. 태양, 대성)","234,016"
33,34,순위 동일,소문의 낙원,AKMU (악뮤),개화,"90,833"
34,35,순위 동일,어제보다 슬픈 오늘,우디 (Woody),어제보다 슬픈 오늘,"91,176"
35,36,순위 동일,내게 사랑이 뭐냐고 물어본다면,로이킴,내게 사랑이 뭐냐고 물어본다면,"102,975"
36,37,1단계 상승,Blue Valentine,NMIXX,Blue Valentine,"121,638"
37,38,1단계 하락,404 (New Era),KiiiKiii (키키),Delulu Pack,"73,285"
38,39,순위 동일,천상연,이창섭,천상연 (웹툰 '선녀외전' X 이창섭 (LEE CHANGSUB)),"150,899"
39,40,4단계 상승,toxic till the end,로제 (ROSÉ),rosie,"162,242"
40,41,4단계 상승,우리들의 블루스,임영웅,IM HERO,"128,617"
41,42,2단계 하락,또또,임영웅,IM HERO 10,"30,591"
42,43,7단계 상승,한 페이지가 될 수 있게,DAY6 (데이식스),The Book of Us : Gravity,"371,541"
43,44,3단계 하락,그대만 있다면 (여름날 우리 X 너드커넥션 (Nerd Connection)),너드커넥션 (Nerd Connection),그대만 있다면 (여름날 우리 X 너드커넥션 (Nerd Connection)),"179,560"
44,45,3단계 하락,BANG BANG,IVE (아이브),REVIVE+,"69,092"
45,46,3단계 상승,봄 내음보다 너를,김나영,봄 내음보다 너를,"142,891"
46,47,순위 동일,멸종위기사랑,이찬혁,EROS,"106,837"
47,48,2단계 하락,"모든 날, 모든 순간 (Every day, Every Moment)",폴킴,'키스 먼저 할까요?' OST Part.3,"433,471"
48,49,2단계 상승,너에게 닿기를,10CM,너에게 닿기를,"156,503"
49,50,7단계 하락,Runaway,RESCENE (리센느),Runaway,"35,675"
50,51,3단계 하락,오늘만 I LOVE YOU,BOYNEXTDOOR,오늘만 I LOVE YOU,"190,830"
51,52,1단계 상승,모르시나요(PROD.로코베리),조째즈,모르시나요,"111,091"
52,53,2단계 상승,주저하는 연인들을 위해,잔나비,전설,"454,337"
53,54,2단계 하락,순간을 영원처럼,임영웅,IM HERO 2,"53,766"
54,55,1단계 하락,소나기,이클립스 (ECLIPSE),선재 업고 튀어 OST Part 1,"201,703"
55,56,순위 동일,뛰어(JUMP),BLACKPINK,뛰어(JUMP),"100,212"
56,57,1단계 상승,Whiplash,aespa,Whiplash - The 5th Mini Album,"156,411"
57,58,3단계 상승,HAPPY,DAY6 (데이식스),Fourever,"218,914"
58,59,2단계 하락,Guitarist,도경수(D.O.),DOPAMINE - The 4th Mini Album,"16,087"
59,60,순위 동일,청춘만화,이무진,만화 (滿花),"107,814"
60,61,1단계 상승,Heavy Serenade,NMIXX,Heavy Serenade,"56,250"
61,62,1단계 상승,Seven (feat. Latto) - Clean Ver.,정국,Seven (feat. Latto) - Clean Ver.,"233,900"
62,63,4단계 상승,이 밤을 빌려 말해요,PLAVE,"이 밤을 빌려 말해요 (오늘 밤, 세계에서 이 사랑이 사라진다 해도 X PLAVE)","34,825"
63,64,순위 동일,SWIM,방탄소년단,ARIRANG,"64,572"
64,65,순위 동일,예뻤어,DAY6 (데이식스),Every DAY6 February,"381,753"
65,66,7단계 하락,부디 행복해질 것,임영웅,IM HERO 10,"27,075"
66,67,4단계 상승,헤어지자 말해요,박재정,1집 Alone,"196,438"
67,68,2단계 하락,Golden,HUNTR/X,KPop Demon Hunters (Soundtrack from the Netflix Film),"193,575"
68,69,4단계 상승,Love wins all,아이유,The Winning,"226,757"
69,70,8단계 상승,나는 반딧불,황가람,나는 반딧불,"160,831"
70,71,1단계 하락,like JENNIE,제니 (JENNIE),Ruby,"113,641"
71,72,2단계 상승,Dynamite,방탄소년단,Dynamite (DayTime Version),"460,581"
72,73,5단계 하락,그대 작은 나의 세상이 되어,카더가든,부재,"88,934"
73,74,8단계 상승,첫 만남은 계획대로 되지 않아,TWS (투어스),Sparkling Blue,"177,374"
74,75,9단계 상승,APT.,로제 (ROSÉ),APT.,"222,608"
75,76,4단계 상승,사랑인가 봐,멜로망스,사랑인가 봐 (사내맞선 OST 스페셜 트랙),"240,131"
76,77,1단계 하락,Die With A Smile,Lady Gaga,Die With A Smile,"142,470"
77,78,1단계 상승,Welcome to the Show,DAY6 (데이식스),Fourever,"203,300"
78,79,7단계 상승,청혼하지 않을 이유를 못 찾았어,이무진,청혼하지 않을 이유를 못 찾았어,"77,966"
79,80,5단계 하락,입춘,한로로,입춘,"85,134"
80,81,순위 동일,봄날,방탄소년단,YOU NEVER WALK ALONE,"501,266"
81,82,6단계 상승,Hype Boy,NewJeans,NewJeans 1st EP 'New Jeans',"318,222"
82,83,14단계 하락,Baila,임영웅,IM HERO 10,"25,839"
83,84,3단계 상승,다정히 내 이름을 부르면,경서예지,다정히 내 이름을 부르면 (경서예지 x 전건호),"225,994"
84,85,5단계 상승,STYLE,Hearts2Hearts (하츠투하츠),STYLE,"66,842"
85,86,7단계 상승,Love Love Love (Feat. Yoong Jin Of Casker),에픽하이 (EPIK HIGH),Remapping The Human Soul,"129,855"
86,87,2단계 하락,Vitamin ME,프로미스나인,Glow ME,"20,259"
87,88,3단계 상승,Magnetic,아일릿(ILLIT),SUPER REAL ME,"149,307"
88,89,12단계 하락,살아온 우리에게,임영웅,IM HERO 10,"24,792"
89,90,7단계 하락,미워요 RE,임영웅,IM HERO 10,"24,348"
90,91,19단계 하락,모이세,임영웅,IM HERO 10,"26,643"
91,92,4단계 상승,Less than a Lover,제니 (JENNIE),Less than a Lover,"27,099"
92,93,4단계 하락,모래 알갱이 RE,임영웅,IM HERO 10,"23,981"
93,94,순위 동일,사랑은 늘 도망가 RE,임영웅,IM HERO 10,"23,785"
94,95,순위 동일,A Bientot RE,임영웅,IM HERO 10,"23,764"
95,96,1단계 상승,New York,임영웅,IM HERO 10,"24,268"
96,97,2단계 상승,사랑은 봄비처럼...이별은 겨울비처럼...,임현정,All That Love,"76,461"
97,98,순위 동일,그댈 위한 멜로디,임영웅,IM HERO 2,"42,734"
98,99,7단계 하락,CRASH,ALLDAY PROJECT,CRASH,"5,224"
99,100,순위 동일,REBEL HEART,IVE (아이브),IVE EMPATHY,"122,858"
